{
    "sum": 2168119,
    "min": 2888,
    "max": 138504,
    "average": 22351.74226804124,
    "median": 11937,
    "stdev": 25505.621991075463
}