{
    "sum":15021287.0,
    "avr":268.765199499,
    "sumMD":61786.0,
    "avrMD":268.6347826087,
    "sumSD":62038.0,
    "avrSD":269.7304347826,
    "max":525.0,
    "min":13.0
}