{
    "numeric_stats": {
        "tBodyAcc-mean()-X": {
            "max": 0.67188749,
            "min": -0.59200434,
            "mean": 0.27399584074041394,
            "sum": 807.4657426619999,
            "std_dev": 0.06057048640819805
        },
        "tBodyAcc-mean()-Y": {
            "max": 0.24610584,
            "min": -0.3628841,
            "mean": -0.017863400266845325,
            "sum": -52.643440586393176,
            "std_dev": 0.025745231513173126
        },
        "tBodyAcc-mean()-Z": {
            "max": 0.49411433,
            "min": -0.57618401,
            "mean": -0.1083862002060061,
            "sum": -319.41413200709997,
            "std_dev": 0.04274742721078553
        },
        "tBodyAcc-std()-X": {
            "max": 0.46529881,
            "min": -0.99960647,
            "mean": -0.6136349028844588,
            "sum": -1808.3820588005,
            "std_dev": 0.4125970164151828
        },
        "tBodyAcc-std()-Y": {
            "max": 1.0,
            "min": -1.0,
            "mean": -0.5083298468871191,
            "sum": -1498.04805877634,
            "std_dev": 0.4942689659338879
        },
        "tBodyAcc-std()-Z": {
            "max": 0.48970267,
            "min": -0.99895457,
            "mean": -0.6337971110776756,
            "sum": -1867.80008634591,
            "std_dev": 0.36269893790735974
        },
        "tBodyAcc-mad()-X": {
            "max": 0.43965684,
            "min": -0.99941708,
            "mean": -0.6412776194861554,
            "sum": -1889.8451446257,
            "std_dev": 0.38519936135374144
        }
    }
}