{
    "sum": 441201618,
    "min": 113000,
    "max": 484146,
    "average": 228601.87461139896,
    "median": 223219.5,
    "stdev": 39268.73813403649
}