{
    "sum": 60518447723,
    "min": 8116419,
    "max": 992246474,
    "average": 512868201.0423729,
    "median": 517724503.0,
    "stdev": 257588520.8662159
}