{
    "sum": 1035700738,
    "min": 10005,
    "max": 499959,
    "average": 253413.44213359433,
    "median": 252841,
    "stdev": 140529.57769917123
}